IngredientID,name,num_servings
1,black_tea,2000
2,green_tea,1600
3,creamer,650
4,sugar_syrup,1300
5,tapioca_pearls,600
6,honey,500
7,ice,1300
8,coffee,550
9,creama_topping,250
10,coffee_jelly,300
11,hokkaido_powder,170
12,thai_tea_powder,500
13,taro_powder,330
14,lychee_jelly,200
15,coconut_syrup,170
16,mango_jam,150
17,passion_fruit_jam,150
18,berry_juice,170
19,lychee_juice,170
20,peach_jam,150
21,honey_jelly,160
22,lemon_juice,400
23,milk,530
24,brown_sugar_syrup,670
25,coconut_milk,200
26,strawberry_jam,150
27,pudding,200
28,crystal_boba,200
29,mango_popping_boba,200
30,strawberry_popping_boba,140
31,ice_cream,170
32,ice,2000
