id_edible,name,num_servings
1,Black Tea,2000
2,Green Tea,1600
3,Creamer,650
4,Sugar Syrup,1300
5,Tapioca Pearls,600
6,Honey,500
7,Ice,1300
8,Coffee,550
9,Creama Topping,250
10,Coffee Jelly,300
11,Hokkaido Powder,170
12,Thai Tea Powder,500
13,Taro Powder,330
14,Lychee Jelly,200
15,Coconut Syrup,170
16,Mango Jam,150
17,Passion Fruit Jam,150
18,Berry Juice,170
19,Lychee Juice,170
20,Peach Jam,150
21,Honey Jelly,160
22,Lemon Juice,400
23,Milk,530
24,Brown Sugar Syrup,670
25,Coconut Milk,200
26,Strawberry Jam,150
27,Pudding,200
28,Crystal Boba,200
29,Mango Popping Boba,200
30,Strawberry Popping Boba,140
31,Ice Cream,170
32,Ice,2000
