id_join_menu_drink_and_inv_edible,id_drink,id_edible
1,1,1
2,1,3
3,1,5
4,1,4
5,1,7
6,2,1
7,2,3
8,2,6
9,2,5
10,2,7
11,3,8
12,3,9
13,3,4
14,3,7
15,4,1
16,4,8
17,4,3
18,4,10
19,4,4
20,4,7
21,5,1
22,5,11
23,5,3
24,5,5
25,5,4
26,5,7
27,6,12
28,6,3
29,6,5
30,6,4
31,6,7
32,7,1
33,7,13
34,7,3
35,7,5
36,7,4
37,7,7
38,8,2
39,8,3
40,8,16
41,8,4
42,8,7
43,9,1
44,9,3
45,9,5
46,9,27
47,9,10
48,9,14
49,9,21
50,9,4
51,9,7
52,10,1
53,10,15
54,10,3
55,10,5
56,10,4
57,10,7
58,11,1
59,11,4
60,11,7
61,12,1
62,12,6
63,12,7
64,13,2
65,13,16
66,13,4
67,13,7
68,14,2
69,14,17
70,14,5
71,14,14
72,14,4
73,14,7
74,15,2
75,15,18
76,15,19
77,15,30
78,15,14
79,15,4
80,15,7
81,16,1
82,16,20
83,16,21
84,16,4
85,16,7
86,17,2
87,17,16
88,17,17
89,17,4
90,17,7
91,18,22
92,18,6
93,18,7
94,19,23
95,19,24
96,19,5
97,20,26
98,20,25
99,20,4
100,20,7
