id_drink,name,price,hot_available,non_caffeinated_available,alternative_milk_available
1,Classic Pearl Milk Tea,5.8,True,False,False
2,Honey Pearl Milk Tea,6.0,True,False,False
3,Coffee Crema,6.5,True,False,False
4,Coffee Milk Tea w/ Coffee Jelly,6.25,True,False,False
5,Hokkaido Pearl Milk Tea,6.25,True,False,False
6,Thai Pearl Milk Tea,6.25,True,False,False
7,Taro Pearl Milk Tea,6.25,True,False,False
8,Mango Green Milk Tea,6.5,True,False,False
9,Golden Retriever,6.75,True,False,False
10,Coconut Pearl Milk Tea,6.75,True,False,False
11,Classic Tea,4.65,True,False,False
12,Honey Tea,4.85,True,False,False
13,Mango Green Tea,5.8,False,False,False
14,Passion Chess,6.25,False,False,False
15,Berry Lychee Burst,6.25,False,False,False
16,Peach Tea w/ Honey Jelly,6.25,False,False,False
17,Mango & Passion Fruit Tea,6.25,False,False,False
18,Honey Lemonade,5.2,False,True,False
19,Tiger Boba,6.5,False,True,True
20,Strawberry Coconut,6.5,True,True,False
