menu_item_id,ingredient_id
1,1
1,3
1,5
1,4
1,7
2,1
2,3
2,6
2,5
2,7
3,8
3,9
3,4
3,7
4,1
4,8
4,3
4,10
4,4
4,7
5,1
5,11
5,3
5,5
5,4
5,7
6,12
6,3
6,5
6,4
6,7
7,1
7,13
7,3
7,5
7,4
7,7
8,2
8,3
8,16
8,4
8,7
9,1
9,3
9,5
9,27
9,10
9,14
9,21
9,4
9,7
10,1
10,15
10,3
10,5
10,4
10,7
11,1
11,4
11,7
12,1
12,6
12,7
13,2
13,16
13,4
13,7
14,2
14,17
14,5
14,14
14,4
14,7
15,2
15,18
15,19
15,30
15,14
15,4
15,7
16,1
16,20
16,21
16,4
16,7
17,2
17,16
17,17
17,4
17,7
18,22
18,6
18,7
19,23
19,24
19,5
20,26
20,25
20,4
20,7